name,price,url
Bicicleta Baltoro Aro 29,369.990,https://www.falabella.com/falabella-cl/product/881952281/Bicicleta-Baltoro-Aro-29/881952283
Bicicleta Aspect 960 Aro 29,529.990,https://www.falabella.com/falabella-cl/product/14519223/Bicicleta-Aspect-960-Aro-29/14519224
Bicicleta Lohtse 1 Aro 29,399.990,https://www.falabella.com/falabella-cl/product/881952210/Bicicleta-Lohtse-1-Aro-29/881952211
Bicicleta Vesubio Aro 27.5,349.990,https://www.falabella.com/falabella-cl/product/881952248/Bicicleta-Vesubio-Aro-27.5/881952250
"Bicicleta Mujer Anapurna Aro 27,5",389.990,"https://www.falabella.com/falabella-cl/product/881952199/Bicicleta-Mujer-Anapurna-Aro-27,5/881952201"
Bicicleta Infantil Superman Aro 16,69.990,https://www.falabella.com/falabella-cl/product/881952191/Bicicleta-Infantil-Superman-Aro-16/881952192
Bicicleta Everest Aro 29,349.990,https://www.falabella.com/falabella-cl/product/14454984/Bicicleta-Everest-Aro-29/14454985
Bicicleta Urbana Fixie Aro 28,189.990,https://www.falabella.com/falabella-cl/product/881948416/Bicicleta-Urbana-Fixie-Aro-28/881948418
Bicicleta Urbana Flyer Aro 28,189.990,https://www.falabella.com/falabella-cl/product/881952180/Bicicleta-Urbana-Flyer-Aro-28/881952181
Bicicleta Urbana Rome Aro 28,189.990,https://www.falabella.com/falabella-cl/product/881948414/Bicicleta-Urbana-Rome-Aro-28/881948415
Bicicleta Infantil Hotwheels Aro 12,84.990,https://www.falabella.com/falabella-cl/product/14390017/Bicicleta-Infantil-Hotwheels-Aro-12/14390017
Bicicleta Aspect 970 Aro 29,499.990,https://www.falabella.com/falabella-cl/product/14519230/Bicicleta-Aspect-970-Aro-29/14519232
Porta Bicicletas para Autos con 3 Soportes,49.990,https://www.falabella.com/falabella-cl/product/10496231/Porta-Bicicletas-para-Autos-con-3-Soportes/10496235
4 Bicicleta Mountain Bike Aro 29 Azul,379.990,https://www.falabella.com/falabella-cl/product/14479365/4-Bicicleta-Mountain-Bike-Aro-29-Azul/14479366
Bicicleta Aspect Aro 29,799.990,https://www.falabella.com/falabella-cl/product/14746295/Bicicleta-Aspect-Aro-29/14746296
Casco Flight Sport Negro,34.990,https://www.falabella.com/falabella-cl/product/6729245/Casco-Flight-Sport-Negro/6729246
"Bicicleta Mujer Mana Aro 27,5",429.990,"https://www.falabella.com/falabella-cl/product/881952229/Bicicleta-Mujer-Mana-Aro-27,5/881952231"
Bicicleta X90 Aro 27.5,339.990,https://www.falabella.com/falabella-cl/product/14598176/Bicicleta-X90-Aro-27.5/14598177
Bicicleta Lohtse 3 Aro 29,549.990,https://www.falabella.com/falabella-cl/product/881948360/Bicicleta-Lohtse-3-Aro-29/881948361
Bicicleta X100 Aro 29,339.990,https://www.falabella.com/falabella-cl/product/14598182/Bicicleta-X100-Aro-29/14598183
Bicicleta Ruta Gravel Torino 700c,599.990,https://www.falabella.com/falabella-cl/product/881948348/Bicicleta-Ruta-Gravel-Torino-700c/881948349
Bicicleta Mtb Aro 29,3.799.990,https://www.falabella.com/falabella-cl/product/14449163/Bicicleta-Mtb-Aro-29/14449164
Bicicleta Ruta Milano 2 700c,549.990,https://www.falabella.com/falabella-cl/product/881948411/Bicicleta-Ruta-Milano-2-700c/881948412
Bicicleta Scale Aro 29,1.399.990,https://www.falabella.com/falabella-cl/product/14746308/Bicicleta-Scale-Aro-29/14746310
Bicicleta Contessa Aro 30,699.990,https://www.falabella.com/falabella-cl/product/14746278/Bicicleta-Contessa-Aro-30/14746279
Cascos Helmet,19.990,https://www.falabella.com/falabella-cl/product/8029946/Cascos-Helmet/8029947
Bicicleta Scalpel 6 Aro 29,2.399.990,https://www.falabella.com/falabella-cl/product/14449175/Bicicleta-Scalpel-6-Aro-29/14449176
Bicicleta Trivor 3 Aro 29,1.399.990,https://www.falabella.com/falabella-cl/product/881948341/Bicicleta-Trivor-3-Aro-29/881948342
Bicicleta Electrica E-Venezia Aro 26,599.990,https://www.falabella.com/falabella-cl/product/881948388/Bicicleta-Electrica-E-Venezia-Aro-26/881948389
"Bicicleta Saltoro 27,5",1.499.990,"https://www.falabella.com/falabella-cl/product/881948343/Bicicleta-Saltoro-27,5/881948344"
Cascos Niños Bicicleta Patineta Roller Deportes,11.990,https://www.falabella.com/falabella-cl/product/7147350/Cascos-Ninos-Bicicleta-Patineta-Roller-Deportes/7147351
Bicicleta Cars Disney Aro 16 Doble Suspensión,147.000,https://www.falabella.com/falabella-cl/product/7913366/Bicicleta-Cars-Disney-Aro-16-Doble-Suspension/7913372
Casco Borao Negro/Azul,24.990,https://www.falabella.com/falabella-cl/product/8439810/Casco-Borao-Negro-Azul/8439812
Bicicleta Eléctrica Modelo Viktoria,699.000,https://www.falabella.com/falabella-cl/product/8077399/Bicicleta-Electrica-Modelo-Viktoria/8077403
Bicicleta Mountain Bike Venus 1 Aro 29,349.990,https://www.falabella.com/falabella-cl/product/7950545/Bicicleta-Mountain-Bike-Venus-1-Aro-29/7950546
Bicicleta Mtb 29 Carbon Mt5 (15) Sram 1X12 Boost,1.650.000,https://www.falabella.com/falabella-cl/product/7935538/Bicicleta-Mtb-29-Carbon-Mt5-(15)-Sram-1X12-Boost/7935540
Casco M.T.B.848Dr Mate Naranja Talla M,49.990,https://www.falabella.com/falabella-cl/product/7384369/Casco-M.T.B.848Dr-Mate-Naranja-Talla-M/7384374
Senalizador De Bicicletas Con Luz Led Y Comando,9.999,https://www.falabella.com/falabella-cl/product/7439444/Senalizador-De-Bicicletas-Con-Luz-Led-Y-Comando/7439445
Guantes Ciclismo  Sublimado,7.590,https://www.falabella.com/falabella-cl/product/14402711/Guantes-Ciclismo-Sublimado/14402712
Bicicleta Electrica Ceromotors M8,1.499.990,https://www.falabella.com/falabella-cl/product/8523555/Bicicleta-Electrica-Ceromotors-M8/8523556
Soporte Para Bicicleta - Pared O Techo -  20 Kilos,5.990,https://www.falabella.com/falabella-cl/product/9003395/Soporte-Para-Bicicleta-Pared-O-Techo-20-Kilos/9003398
BICICLETA MTB TRAIL SENSOR EXPERT,3.499.990,https://www.falabella.com/falabella-cl/product/10656345/BICICLETA-MTB-TRAIL-SENSOR-EXPERT/10656349
Bicicleta Force Pro Aro 29,3.799.990,https://www.falabella.com/falabella-cl/product/14449102/Bicicleta-Force-Pro-Aro-29/14449102
Bicicleta Infantil Madera,47.990,https://www.falabella.com/falabella-cl/product/7926471/Bicicleta-Infantil-Madera/7926474
Bicicleta Kross Level 8.0 29 Md Negro/Silver Matte,1.208.990,https://www.falabella.com/falabella-cl/product/6920346/Bicicleta-Kross-Level-8.0-29-Md-Negro-Silver-Matte/6920350
Casco ABS Rampage,129.990,https://www.falabella.com/falabella-cl/product/14785008/Casco-ABS-Rampage/14785010
Alforja Bicicleta 48 Litros Negro/Gris,19.990,https://www.falabella.com/falabella-cl/product/8486592/Alforja-Bicicleta-48-Litros-Negro-Gris/8486593
Bicicleta Eléctrica Aro 27.5 Freeway 7V,799.990,https://www.falabella.com/falabella-cl/product/8082654/Bicicleta-Electrica-Aro-27.5-Freeway-7V/8082656
Bicicleta Cars Disney Aro 12 Niño,109.000,https://www.falabella.com/falabella-cl/product/7913416/Bicicleta-Cars-Disney-Aro-12-Nino/7913420
Casco Moto Sh-870 Motegi 2 Naranjo Mate,62.990,https://www.falabella.com/falabella-cl/product/8028893/Casco-Moto-Sh-870-Motegi-2-Naranjo-Mate/8028897
Silla De Ruedas Eléctrica Premium Con Motor 108La,670.000,https://www.falabella.com/falabella-cl/product/14456474/Silla-De-Ruedas-Electrica-Premium-Con-Motor-108La/14456479
Bicicleta Mountain Bike Aura 5 Aro 27.5,449.990,https://www.falabella.com/falabella-cl/product/7950519/Bicicleta-Mountain-Bike-Aura-5-Aro-27.5/7950521
BICICLETA MTB TRAIL SENSOR PRO,4.299.990,https://www.falabella.com/falabella-cl/product/10656342/BICICLETA-MTB-TRAIL-SENSOR-PRO/10656343
Casco Bicicleta Con Lente Imantado Ajustable,34.990,https://www.falabella.com/falabella-cl/product/14468602/Casco-Bicicleta-Con-Lente-Imantado-Ajustable/14468604
Bombin Beto Cld-033Ag Mini Doble Accion,13.990,https://www.falabella.com/falabella-cl/product/8550582/Bombin-Beto-Cld-033Ag-Mini-Doble-Accion/8550585
Bombin Beto Cco-018Ag C/Manometro Aluminio,16.990,https://www.falabella.com/falabella-cl/product/8550726/Bombin-Beto-Cco-018Ag-C-Manometro-Aluminio/8550730
Bicicleta de Equilibro Bmxie 2,89.900,https://www.falabella.com/falabella-cl/product/7452663/Bicicleta-de-Equilibro-Bmxie-2/7452665
K1R3,899.990,https://www.falabella.com/falabella-cl/product/6283829/K1R3/6283832
Bicicleta Aro 16 Spine 1V,99.900,https://www.falabella.com/falabella-cl/product/8138162/Bicicleta-Aro-16-Spine-1V/8138166
Casco Bolita Ibikes Mtv-12 Bicis M-L Negro Matte.,28.990,https://www.falabella.com/falabella-cl/product/8225430/Casco-Bolita-Ibikes-Mtv-12-Bicis-M-L-Negro-Matte./8225433
Bicicleta Ruta Vento 1.0 Aro 28 Talla XS,718.990,https://www.falabella.com/falabella-cl/product/14436293/Bicicleta-Ruta-Vento-1.0-Aro-28-Talla-XS/14436294
Casco Street Onyx Solid Satin Mips,71.900,https://www.falabella.com/falabella-cl/product/14735842/Casco-Street-Onyx-Solid-Satin-Mips/14735846
Casco Kross Arrok Lg Negro,54.990,https://www.falabella.com/falabella-cl/product/6918851/Casco-Kross-Arrok-Lg-Negro/6918854
Bombin Beto Chmp-003Agrv Mini Accion Simple,14.990,https://www.falabella.com/falabella-cl/product/8550728/Bombin-Beto-Chmp-003Agrv-Mini-Accion-Simple/8550732
Funda Carpa Lona para Moto O Bicicleta Impermeable,13.990,https://www.falabella.com/falabella-cl/product/7132791/Funda-Carpa-Lona-para-Moto-O-Bicicleta-Impermeable/7132794
Estacionamiento de Bicicletas con 180 de Giro,12.990,https://www.falabella.com/falabella-cl/product/12467804/Estacionamiento-de-Bicicletas-con-180-de-Giro/12467807
Guante Largo  Mcycle Ms003 Rosado,18.990,https://www.falabella.com/falabella-cl/product/8822321/Guante-Largo-Mcycle-Ms003-Rosado/8822324
Casco Moto Bell Mat Blk/Wht,219.990,https://www.falabella.com/falabella-cl/product/8046252/Casco-Moto-Bell-Mat-Blk-Wht/8046253
Casco Bobike One Plus Snow White,27.990 - $  29.990,https://www.falabella.com/falabella-cl/product/7464151/Casco-Bobike-One-Plus-Snow-White/7464154
Mascara Deportiva Tejido Ultrafino sin Cuello N1S,26.900,https://www.falabella.com/falabella-cl/product/8652145/Mascara-Deportiva-Tejido-Ultrafino-sin-Cuello-N1S/8652147
Casco  De Bicicleta  Led Con App  Ios/Android,89.999,https://www.falabella.com/falabella-cl/product/7439261/Casco-De-Bicicleta-Led-Con-App-Ios-Android/7439264
Casco Kross Laki Md Fucsia,46.990,https://www.falabella.com/falabella-cl/product/6918803/Casco-Kross-Laki-Md-Fucsia/6918807
Guantes Buzz Rosado,9.990,https://www.falabella.com/falabella-cl/product/8439764/Guantes-Buzz-Rosado/8439767
Mascara Deportiva Cuello Reversible X5S Naroo,17.900,https://www.falabella.com/falabella-cl/product/10448332/Mascara-Deportiva-Cuello-Reversible-X5S-Naroo/10448336
Casco 885 M.T.B. Superlight Azul Amarillo Talla M,49.990,https://www.falabella.com/falabella-cl/product/7384367/Casco-885-M.T.B.-Superlight-Azul-Amarillo-Talla-M/7384372
Casco Kross Arrok Lg Azul,54.990,https://www.falabella.com/falabella-cl/product/6918856/Casco-Kross-Arrok-Lg-Azul/6918858
Casco Moto Bell Adventure Berm Blk/Wh/Rd,209.990,https://www.falabella.com/falabella-cl/product/8041961/Casco-Moto-Bell-Adventure-Berm-Blk-Wh-Rd/8041965
Casco Bolita Ibikes Mtv-12 Mandalas S-M Azul Navy,28.990,https://www.falabella.com/falabella-cl/product/7187470/Casco-Bolita-Ibikes-Mtv-12-Mandalas-S-M-Azul-Navy/7187471
Casco Moto Shiro Sh-870 Albatros Fluor Mate,62.990,https://www.falabella.com/falabella-cl/product/8030164/Casco-Moto-Shiro-Sh-870-Albatros-Fluor-Mate/8030166
Casco Moto Shiro Sh-881 K-Ring Blanco,64.990,https://www.falabella.com/falabella-cl/product/7241686/Casco-Moto-Shiro-Sh-881-K-Ring-Blanco/7241696
Casco Moto Shoei Neotec 2 Negro Mate,579.990,https://www.falabella.com/falabella-cl/product/7229402/Casco-Moto-Shoei-Neotec-2-Negro-Mate/7229406
Cascos Inteligentes Urbano Para Ciclistas,79.900,https://www.falabella.com/falabella-cl/product/8033400/Cascos-Inteligentes-Urbano-Para-Ciclistas/8033405
Casco Ciclismo Stokes Cold Grey,27.990,https://www.falabella.com/falabella-cl/product/11066189/Casco-Ciclismo-Stokes-Cold-Grey/11066193
Ganchos para Colgar Bicicleta Rojo Negro,10.990,https://www.falabella.com/falabella-cl/product/11928525/Ganchos-para-Colgar-Bicicleta-Rojo-Negro/11928530
Casco Moto Shiro Sh-881 Lion Blanco,64.990,https://www.falabella.com/falabella-cl/product/8027165/Casco-Moto-Shiro-Sh-881-Lion-Blanco/8027167
Bolso Wedge Drybag Amarras Sillin Topeak Small,28.990,https://www.falabella.com/falabella-cl/product/11066050/Bolso-Wedge-Drybag-Amarras-Sillin-Topeak-Small/11066053
Jofa Moto Titan Sport,139.990,https://www.falabella.com/falabella-cl/product/12009524/Jofa-Moto-Titan-Sport/12009528
Casco Ibikes Mtv-12 Flores Md (55-58Cm) Camo,28.990,https://www.falabella.com/falabella-cl/product/7187448/Casco-Ibikes-Mtv-12-Flores-Md-(55-58Cm)-Camo/7187450
Casco Bolita Ibikes Mtv-12 Ibikes  M-L Gris Matte.,28.990,https://www.falabella.com/falabella-cl/product/8225435/Casco-Bolita-Ibikes-Mtv-12-Ibikes-M-L-Gris-Matte./8225439
Elevador para Bicicleta Techo Metal,19.990,https://www.falabella.com/falabella-cl/product/12286224/Elevador-para-Bicicleta-Techo-Metal/12286227
Candado On Guard Moto Boxer,25.990,https://www.falabella.com/falabella-cl/product/14449034/Candado-On-Guard-Moto-Boxer/14449039
Guantes Blancos  Senalizacion Luz Led Carga Usb,16.990 - $  16.999,https://www.falabella.com/falabella-cl/product/8434611/Guantes-Blancos-Senalizacion-Luz-Led-Carga-Usb/8434612
Casco Moto Bell Adventure Dash Bk/Rd/Wh,219.990,https://www.falabella.com/falabella-cl/product/8041941/Casco-Moto-Bell-Adventure-Dash-Bk-Rd-Wh/8041945
Ninebot Batería Externa Scooter Segway Es1 Y Es2,159.900,https://www.falabella.com/falabella-cl/product/7423461/Ninebot-Bateria-Externa-Scooter-Segway-Es1-Y-Es2/7423465
Casco Thousand Navy Talla Medium,89.990,https://www.falabella.com/falabella-cl/product/7269670/Casco-Thousand-Navy-Talla-Medium/7269673
Guantes Buzz Azul,9.990,https://www.falabella.com/falabella-cl/product/8439769/Guantes-Buzz-Azul/8439771
Montaje Topeak Bicicleta Multisport Camara,38.990,https://www.falabella.com/falabella-cl/product/11239546/Montaje-Topeak-Bicicleta-Multisport-Camara/11239551
Luz Led De Silicona Rojo Blanco  Pata Apoyo Bici,6.980,https://www.falabella.com/falabella-cl/product/14402662/Luz-Led-De-Silicona-Rojo-Blanco-Pata-Apoyo-Bici/14402663
Ciclocomputador M2 Gps Recargable,59.990,https://www.falabella.com/falabella-cl/product/7285284/Ciclocomputador-M2-Gps-Recargable/7285287
Guante Kross Flow Sf Negro/Gris,15.990,https://www.falabella.com/falabella-cl/product/8439726/Guante-Kross-Flow-Sf-Negro-Gris/8439729
Guantes Joy Negro/Blanco,9.990,https://www.falabella.com/falabella-cl/product/8439781/Guantes-Joy-Negro-Blanco/8439784
Funda Elástica  Para Bicicleta Diseño Sky,19.990,https://www.falabella.com/falabella-cl/product/14456515/Funda-Elastica-Para-Bicicleta-Diseno-Sky/14456519
Tricota de Ciclismo Wisebikes Holland,22.990,https://www.falabella.com/falabella-cl/product/7148286/Tricota-de-Ciclismo-Wisebikes-Holland/7148289
Casco Plegable Scooter Negro,39.990,https://www.falabella.com/falabella-cl/product/8303869/Casco-Plegable-Scooter-Negro/8303873
Tricota de Ciclismo Wisebikes Red17,24.990,https://www.falabella.com/falabella-cl/product/7148504/Tricota-de-Ciclismo-Wisebikes-Red17/7148507
Rodilleras Moto Titan Pro Fox,79.990,https://www.falabella.com/falabella-cl/product/13791232/Rodilleras-Moto-Titan-Pro-Fox/13791236
Jersey Mtb Radical Mountain Ne/Ro,29.990,https://www.falabella.com/falabella-cl/product/10384068/Jersey-Mtb-Radical-Mountain-Ne-Ro/10384078
Bicicleta Ruta Vento 2.0 Aro 28 Talla S,838.990,https://www.falabella.com/falabella-cl/product/14436223/Bicicleta-Ruta-Vento-2.0-Aro-28-Talla-S/14436224
Mascara Deportiva para El Frió Reversible X9,28.900,https://www.falabella.com/falabella-cl/product/8652271/Mascara-Deportiva-para-El-Frio-Reversible-X9/8652275
Guante Largo  Mcycle Ms003 Azul,18.990,https://www.falabella.com/falabella-cl/product/8822327/Guante-Largo-Mcycle-Ms003-Azul/8822339
Luz  P3 Piola - Delantera Blanca,5.990,https://www.falabella.com/falabella-cl/product/9442582/Luz-P3-Piola-Delantera-Blanca/9442585
Cairbull Casco Plegable Amarillo.,39.990,https://www.falabella.com/falabella-cl/product/7323930/Cairbull-Casco-Plegable-Amarillo./7323931
Alforja Bicicletas Topeak Rx Trunkbag Ex,63.990,https://www.falabella.com/falabella-cl/product/11239460/Alforja-Bicicletas-Topeak-Rx-Trunkbag-Ex/11239465
Casco 778 Ruta Negro Azul Rojo Talla M,46.990,https://www.falabella.com/falabella-cl/product/7384387/Casco-778-Ruta-Negro-Azul-Rojo-Talla-M/7384391
Bicicleta Ruta Vento 4.0 Aro 28 Talla L,1.980.990,https://www.falabella.com/falabella-cl/product/14436187/Bicicleta-Ruta-Vento-4.0-Aro-28-Talla-L/14436188
Bicicleta Bike Roxter Walker Aro 12,149.990,https://www.falabella.com/falabella-cl/product/12109395/Bicicleta-Bike-Roxter-Walker-Aro-12/12109395
Bolso Bicicleta Topeak Mondopack con Soporte,32.990,https://www.falabella.com/falabella-cl/product/11065987/Bolso-Bicicleta-Topeak-Mondopack-con-Soporte/11065990
Casco Bolita Ibikes Mtv-12 Ibikes  S-M Gris Matte.,28.990,https://www.falabella.com/falabella-cl/product/8225436/Casco-Bolita-Ibikes-Mtv-12-Ibikes-S-M-Gris-Matte./8225440
Jersey Mtb Radical Mountain Mujer Pu/Ne,29.990,https://www.falabella.com/falabella-cl/product/10384070/Jersey-Mtb-Radical-Mountain-Mujer-Pu-Ne/10384074
Guantes 5 Led Ciclismo / Azul-Negro,22.990,https://www.falabella.com/falabella-cl/product/13801993/Guantes-5-Led-Ciclismo-Azul-Negro/13801996
Casco Disney Descendientes 2 Niño Urbanoc/Regulac,25.990,https://www.falabella.com/falabella-cl/product/14747983/Casco-Disney-Descendientes-2-Nino-Urbanoc-Regulac/14747987
Scooter Eléctrico 9  New Comet - Naranjo,389.990,https://www.falabella.com/falabella-cl/product/12050574/Scooter-Electrico-9-New-Comet-Naranjo/12050577
Multi Herramienta Grid 8,14.990,https://www.falabella.com/falabella-cl/product/12460629/Multi-Herramienta-Grid-8/12460633
Casco Moto Shiro Sh-881 Phoenix Amarillo Mate,64.990,https://www.falabella.com/falabella-cl/product/7241626/Casco-Moto-Shiro-Sh-881-Phoenix-Amarillo-Mate/7241632
Bicicleta Bike Contessa Walker Aro 12,149.990,https://www.falabella.com/falabella-cl/product/12109396/Bicicleta-Bike-Contessa-Walker-Aro-12/12109396
Casco Ibikes Mtv-12 Patch  Lg (58-61Cm) Rosado,28.990,https://www.falabella.com/falabella-cl/product/7187441/Casco-Ibikes-Mtv-12-Patch-Lg-(58-61Cm)-Rosado/7187443
Bolso Porta Bicicleta Plegable,49.990,https://www.falabella.com/falabella-cl/product/8479084/Bolso-Porta-Bicicleta-Plegable/8479086
Lentes Kross Pave Tokyo Edition,49.990,https://www.falabella.com/falabella-cl/product/13778625/Lentes-Kross-Pave-Tokyo-Edition/13778626
Casco Urge Bombair Blanco,189.990,https://www.falabella.com/falabella-cl/product/7300952/Casco-Urge-Bombair-Blanco/7300959
Luz Bicicletas Whitelite Ii Delantera Negra Topeak,16.990,https://www.falabella.com/falabella-cl/product/11239407/Luz-Bicicletas-Whitelite-Ii-Delantera-Negra-Topeak/11239412
Bolso Bicicletas Survival C/Repuesto Topeak,57.990,https://www.falabella.com/falabella-cl/product/11239350/Bolso-Bicicletas-Survival-C-Repuesto-Topeak/11239355
Bandana Exclusiva Dali Casa de Papel,7.990,https://www.falabella.com/falabella-cl/product/11298908/Bandana-Exclusiva-Dali-Casa-de-Papel/11298912
Guantes 5 Led Ciclismo / Rojo-Negro,22.990,https://www.falabella.com/falabella-cl/product/13793874/Guantes-5-Led-Ciclismo-Rojo-Negro/13793877
Porta Botella para Mano Quick Draw Morada,22.990,https://www.falabella.com/falabella-cl/product/4934867/Porta-Botella-para-Mano-Quick-Draw-Morada/4934867
Bicicleta Chipmunk Balance,76.990,https://www.falabella.com/falabella-cl/product/9843127/Bicicleta-Chipmunk-Balance/9843131
Luz Bicicletas Roja Trasera Negra Topeak,15.990,https://www.falabella.com/falabella-cl/product/11239367/Luz-Bicicletas-Roja-Trasera-Negra-Topeak/11239370
Wisebikes Tricota de Ciclismo Wisebikes Polka Dot,22.990,https://www.falabella.com/falabella-cl/product/7148265/Wisebikes-Tricota-de-Ciclismo-Wisebikes-Polka-Dot/7148278
Casco Ruroc Rg1-Dx Spitfire,440.000,https://www.falabella.com/falabella-cl/product/9040394/Casco-Ruroc-Rg1-Dx-Spitfire/9040397
Casco Moto Shiro Sh-870 Motegi 2 Blanco Mate,62.990,https://www.falabella.com/falabella-cl/product/8028796/Casco-Moto-Shiro-Sh-870-Motegi-2-Blanco-Mate/8028798
Parrilla Bicicletas Topeak Mtx Beamrack Ex,44.990,https://www.falabella.com/falabella-cl/product/11239498/Parrilla-Bicicletas-Topeak-Mtx-Beamrack-Ex/11239502
Lubricante de Bicicleta Bike Kettenl Wet 100Ml,12.500,https://www.falabella.com/falabella-cl/product/9054558/Lubricante-de-Bicicleta-Bike-Kettenl-Wet-100Ml/9054562
Thule Portaequipaje Excellence Black,1.666.990,https://www.falabella.com/falabella-cl/product/7128792/Thule-Portaequipaje-Excellence-Black/7128797
Casco Urbano Ibikes Mtv-16 S-M Gris Brillante,28.990,https://www.falabella.com/falabella-cl/product/6918947/Casco-Urbano-Ibikes-Mtv-16-S-M-Gris-Brillante/6918950
Bolso Ciclismo Porta Celular con Luz,11.990,https://www.falabella.com/falabella-cl/product/14545617/Bolso-Ciclismo-Porta-Celular-con-Luz/14545618
Soporte Topeak con Cargador Smartphone Bicicletas,78.990,https://www.falabella.com/falabella-cl/product/11239524/Soporte-Topeak-con-Cargador-Smartphone-Bicicletas/11239529
Kit Monta Celular Bicicleta Iphone Xs Max,39.990,https://www.falabella.com/falabella-cl/product/14384402/Kit-Monta-Celular-Bicicleta-Iphone-Xs-Max/14384405
Casco Le Grand Urbo Sm-Md Brown,44.990,https://www.falabella.com/falabella-cl/product/6918444/Casco-Le-Grand-Urbo-Sm-Md-Brown/6918448
Bolso Bicicleta Topeak Midloader 3L para Marco,45.990,https://www.falabella.com/falabella-cl/product/11065953/Bolso-Bicicleta-Topeak-Midloader-3L-para-Marco/11065957
Luz Bicicletas Topeak De Seguridad Para Casco,16.990,https://www.falabella.com/falabella-cl/product/11239522/Luz-Bicicletas-Topeak-De-Seguridad-Para-Casco/11239526
Casco Bicicleta Bell Mat/Gls Blk,109.990,https://www.falabella.com/falabella-cl/product/8060733/Casco-Bicicleta-Bell-Mat-Gls-Blk/8060737
Casco Mx Matte Black/Hi-Vis,129.900,https://www.falabella.com/falabella-cl/product/7184379/Casco-Mx-Matte-Black-Hi-Vis/7184383
Casco Bell Eliminator Outflag Black-Whit,359.990,https://www.falabella.com/falabella-cl/product/8037193/Casco-Bell-Eliminator-Outflag-Black-Whit/8037197
Casco Bicicleta Bell Mat Slt/Org,139.990,https://www.falabella.com/falabella-cl/product/8060912/Casco-Bicicleta-Bell-Mat-Slt-Org/8060916
Fierro Le Grand Newbie Para Bicicleta Infantil,19.990,https://www.falabella.com/falabella-cl/product/13778716/Fierro-Le-Grand-Newbie-Para-Bicicleta-Infantil/13778718
Casco Urge Archi-Enduro Rr Blanco,289.990,https://www.falabella.com/falabella-cl/product/7300923/Casco-Urge-Archi-Enduro-Rr-Blanco/7300926
Casco Mx Pink/Black,129.900,https://www.falabella.com/falabella-cl/product/7184343/Casco-Mx-Pink-Black/7184346
Casco Smith Forefront,149.990,https://www.falabella.com/falabella-cl/product/7301141/Casco-Smith-Forefront/7301146
Combo Para Bicicletas Bike Pro 3,48.950,https://www.falabella.com/falabella-cl/product/8282322/Combo-Para-Bicicletas-Bike-Pro-3/8282325
Bolso Parrilla Bicicleta Topeak Pannier Negro,84.990,https://www.falabella.com/falabella-cl/product/11066002/Bolso-Parrilla-Bicicleta-Topeak-Pannier-Negro/11066006
Compresor Slime Rugged Digital,99.990,https://www.falabella.com/falabella-cl/product/11066067/Compresor-Slime-Rugged-Digital/11066071
Parador de Bicicletas Topeak Rally,499.990,https://www.falabella.com/falabella-cl/product/11239505/Parador-de-Bicicletas-Topeak-Rally/11239509
Linterna Frontal Led Con 3 Intensidades Ctn3,5.990,https://www.falabella.com/falabella-cl/product/8377064/Linterna-Frontal-Led-Con-3-Intensidades-Ctn3/8377068
Máscara Antivaho con Cámara de Aire 3D - Z5H,79.000,https://www.falabella.com/falabella-cl/product/10815583/Mascara-Antivaho-con-Camara-de-Aire-3D-Z5H/10815587
Casco Ibikes Mtv-12 Alce Md (55-58Cm) Camo,28.990,https://www.falabella.com/falabella-cl/product/7187462/Casco-Ibikes-Mtv-12-Alce-Md-(55-58Cm)-Camo/7187464
Bomba de Pie Bicicleta Topeak Transformer Rx,94.990,https://www.falabella.com/falabella-cl/product/11066042/Bomba-de-Pie-Bicicleta-Topeak-Transformer-Rx/11066046
Jofa Moto R3,89.990,https://www.falabella.com/falabella-cl/product/12009550/Jofa-Moto-R3/12009558
Scooter Eléctrico 9 New Comet - Azul,389.990,https://www.falabella.com/falabella-cl/product/12056308/Scooter-Electrico-9-New-Comet-Azul/12056312
Bolso Kross Flow Negro,18.990 - $  20.990,https://www.falabella.com/falabella-cl/product/13785376/Bolso-Kross-Flow-Negro/13785378
Casco Bobike Plus Ahoy,29.990,https://www.falabella.com/falabella-cl/product/7464144/Casco-Bobike-Plus-Ahoy/7464149
Botella Camelbak Podium Dirt Series Chill 21Oz,16.990,https://www.falabella.com/falabella-cl/product/9382648/Botella-Camelbak-Podium-Dirt-Series-Chill-21Oz/9382655
Llave de Torque Bicicletas Digital 1-20Nm Topeak,229.990,https://www.falabella.com/falabella-cl/product/11239475/Llave-de-Torque-Bicicletas-Digital-1-20Nm-Topeak/11239480
Cinturón Camelbak Stash Belt Black,36.990,https://www.falabella.com/falabella-cl/product/11478304/Cinturon-Camelbak-Stash-Belt-Black/11478310
Casco Ibikes Mtv-12 Galaxia Sm (53-55Cm) Celeste,28.990,https://www.falabella.com/falabella-cl/product/7187481/Casco-Ibikes-Mtv-12-Galaxia-Sm-(53-55Cm)-Celeste/7187483
Chaquetilla Térmica De Ciclismo Wisebikes Pink,34.990,https://www.falabella.com/falabella-cl/product/7183970/Chaquetilla-Termica-De-Ciclismo-Wisebikes-Pink/7183975
Luz Bicicleta Trasera Topeak Para Casco,21.990,https://www.falabella.com/falabella-cl/product/11065931/Luz-Bicicleta-Trasera-Topeak-Para-Casco/11065935
Casco Melon Negro Lineas Naranjas Md-Lg 52-58Cms,47.990,https://www.falabella.com/falabella-cl/product/6918338/Casco-Melon-Negro-Lineas-Naranjas-Md-Lg-52-58Cms/6918341
Casco Yako Negro,29.990,https://www.falabella.com/falabella-cl/product/7956050/Casco-Yako-Negro/7956052
Maleta Porta Bicicletas Topeak Pakgo X,789.990,https://www.falabella.com/falabella-cl/product/11239455/Maleta-Porta-Bicicletas-Topeak-Pakgo-X/11239459
Casco Mx Black/Matte,129.900,https://www.falabella.com/falabella-cl/product/7184351/Casco-Mx-Black-Matte/7184355
Guantes Flow Lady Sf Rosado/Blanco,16.990,https://www.falabella.com/falabella-cl/product/8439677/Guantes-Flow-Lady-Sf-Rosado-Blanco/8439678
Casco Yako Azul,29.990,https://www.falabella.com/falabella-cl/product/7956328/Casco-Yako-Azul/7956330
Casco ABS Rampage,129.990,https://www.falabella.com/falabella-cl/product/14785011/Casco-ABS-Rampage/14785013
Casco Moto Shoei Neotec 2 Blanco,579.990,https://www.falabella.com/falabella-cl/product/7229264/Casco-Moto-Shoei-Neotec-2-Blanco/7229268
Bolso Wedge Drybag Amarras Sillin Topeak Mediano,29.990,https://www.falabella.com/falabella-cl/product/11065961/Bolso-Wedge-Drybag-Amarras-Sillin-Topeak-Mediano/11065965
"Scooter M2 Pro 8,5  30 Km",496.990,"https://www.falabella.com/falabella-cl/product/8225588/Scooter-M2-Pro-8,5-30-Km/8225592"
Wisebikes Manguillas de Ciclismo Wisebikes Yellow,13.990,https://www.falabella.com/falabella-cl/product/7148030/Wisebikes-Manguillas-de-Ciclismo-Wisebikes-Yellow/7148034
Luz Bicicletas Whitelight Ii Delantera Topeak,14.990,https://www.falabella.com/falabella-cl/product/11239408/Luz-Bicicletas-Whitelight-Ii-Delantera-Topeak/11239413
Tricota Flow Negro/Azul,46.990,https://www.falabella.com/falabella-cl/product/8439925/Tricota-Flow-Negro-Azul/8439927
Knog Luz Pwr Lighthead 600L,27.900,https://www.falabella.com/falabella-cl/product/7149442/Knog-Luz-Pwr-Lighthead-600L/7149443
Parrilla Bicicletas Mtb Explorer Disco C/Resorte,57.990,https://www.falabella.com/falabella-cl/product/11239387/Parrilla-Bicicletas-Mtb-Explorer-Disco-C-Resorte/11239390
Cortaviento Brolly Negro,46.990,https://www.falabella.com/falabella-cl/product/8439971/Cortaviento-Brolly-Negro/8439973
Guante Evoc Enduro Touch,37.990,https://www.falabella.com/falabella-cl/product/14421569/Guante-Evoc-Enduro-Touch/14421573
Coderas Paragon Plus Elbow Protector Blanco/Negro,52.990,https://www.falabella.com/falabella-cl/product/8337000/Coderas-Paragon-Plus-Elbow-Protector-Blanco-Negro/8337018
Casco Melon Doble Rosado Franjas Verdes Xl-Xxl,47.990,https://www.falabella.com/falabella-cl/product/6918346/Casco-Melon-Doble-Rosado-Franjas-Verdes-Xl-Xxl/6918350
Medidor de Presion Digital Slime 5-150 Psi,19.990,https://www.falabella.com/falabella-cl/product/11066093/Medidor-de-Presion-Digital-Slime-5-150-Psi/11066097
Casco Le Grand Urbo Sm-Md Gris,44.990,https://www.falabella.com/falabella-cl/product/6918443/Casco-Le-Grand-Urbo-Sm-Md-Gris/6918447
Kit de Reparacion Slime Atv/Trailer Co2 2040,39.990,https://www.falabella.com/falabella-cl/product/11066087/Kit-de-Reparacion-Slime-Atv-Trailer-Co2-2040/11066091
Casco Moto Shoei Vfx-W Blanco,369.990,https://www.falabella.com/falabella-cl/product/7229152/Casco-Moto-Shoei-Vfx-W-Blanco/7229163
Luz De Seguridad Frontal Batería,4.990,https://www.falabella.com/falabella-cl/product/14518494/Luz-De-Seguridad-Frontal-Bateria/14518497
Llave de Torque Topeak Bicicleta Duohex 6Mm,10.990,https://www.falabella.com/falabella-cl/product/11065942/Llave-de-Torque-Topeak-Bicicleta-Duohex-6Mm/11065946
Parrilla Mtb Topeak Explorer Disco S/Resorte,49.990,https://www.falabella.com/falabella-cl/product/11239520/Parrilla-Mtb-Topeak-Explorer-Disco-S-Resorte/11239525
Luz Delantera 4 Funciones Xc-178W,5.490,https://www.falabella.com/falabella-cl/product/14518758/Luz-Delantera-4-Funciones-Xc-178W/14518762
Foco Delantero  Manubrio Y Casco Recargable Usb,47.990,https://www.falabella.com/falabella-cl/product/6918941/Foco-Delantero-Manubrio-Y-Casco-Recargable-Usb/6918944
Herramienta Bicicleta Topeak Urban 8,33.990,https://www.falabella.com/falabella-cl/product/11065917/Herramienta-Bicicleta-Topeak-Urban-8/11065922
Máscara Deportiva Invierno Naroo  N9H Gris,43.900,https://www.falabella.com/falabella-cl/product/10448335/Mascara-Deportiva-Invierno-Naroo-N9H-Gris/10448339
Portavaso Bicicleta,10.990,https://www.falabella.com/falabella-cl/product/8201088/Portavaso-Bicicleta/8201089
Bolso Evoc Tour Para Asiento,23.990,https://www.falabella.com/falabella-cl/product/14456498/Bolso-Evoc-Tour-Para-Asiento/14456503
Bolso Evoc Tool Pouch,33.990,https://www.falabella.com/falabella-cl/product/14456492/Bolso-Evoc-Tool-Pouch/14456496
Soporte para Parrilla Topeak Mtx Dual Alumino,33.990,https://www.falabella.com/falabella-cl/product/11239523/Soporte-para-Parrilla-Topeak-Mtx-Dual-Alumino/11239527
Tapabarro Bicicletas Topeak Mtb  M1/Xc11-27.5,57.990,https://www.falabella.com/falabella-cl/product/11239446/Tapabarro-Bicicletas-Topeak-Mtb-M1-Xc11-27.5/11239450
Knog Luz Blinder Mini Twinpack Chippy Black,46.990,https://www.falabella.com/falabella-cl/product/7149155/Knog-Luz-Blinder-Mini-Twinpack-Chippy-Black/7149156
Casco F-2 Granite Red,259.900,https://www.falabella.com/falabella-cl/product/8280792/Casco-F-2-Granite-Red/8280796
Enganche Americano Aerovan Ssangyong Musso,268.000,https://www.falabella.com/falabella-cl/product/14402977/Enganche-Americano-Aerovan-Ssangyong-Musso/14402978
Casco Mx Orange/Black,129.900,https://www.falabella.com/falabella-cl/product/7184336/Casco-Mx-Orange-Black/7184339
Casco Mx Red/Wht,129.900,https://www.falabella.com/falabella-cl/product/7184330/Casco-Mx-Red-Wht/7184332
Luz Led Trasera Green E Color Negro,7.990,https://www.falabella.com/falabella-cl/product/8225312/Luz-Led-Trasera-Green-E-Color-Negro/8225316
Casco Mx Pink/Black,129.900,https://www.falabella.com/falabella-cl/product/7184726/Casco-Mx-Pink-Black/7184729
Casco Bicicleta Bell M/G Blk/Mnt/Wht,209.990,https://www.falabella.com/falabella-cl/product/8060848/Casco-Bicicleta-Bell-M-G-Blk-Mnt-Wht/8060851
CASCO IBIKES MTV-12 PATCH  SM (53-55CM) ROSADO,28.990,https://www.falabella.com/falabella-cl/product/7119070/CASCO-IBIKES-MTV-12-PATCH-SM-(53-55CM)-ROSADO/7119071
Nct Botella Flexshot 500ml Calipso,12.990,https://www.falabella.com/falabella-cl/product/4934788/Nct-Botella-Flexshot-500ml-Calipso/4934788
Bateria Recargable para Luces de Bicicleta Rl,33.000,https://www.falabella.com/falabella-cl/product/9286306/Bateria-Recargable-para-Luces-de-Bicicleta-Rl/9286309
Casco Urbano Ibikes Mtv-16 M-L Azul Navy,28.990,https://www.falabella.com/falabella-cl/product/6918956/Casco-Urbano-Ibikes-Mtv-16-M-L-Azul-Navy/6918960
Knog Luz Pwr Bank Medium,41.900,https://www.falabella.com/falabella-cl/product/7149431/Knog-Luz-Pwr-Bank-Medium/7149432
Casco Chapter Club Navy,144.990,https://www.falabella.com/falabella-cl/product/14673013/Casco-Chapter-Club-Navy/14673014
Casco Melon Negro Lineas Naranjas Xxs-Sm 46-52Cms,47.990,https://www.falabella.com/falabella-cl/product/6918335/Casco-Melon-Negro-Lineas-Naranjas-Xxs-Sm-46-52Cms/6918339
Casco Mx Orange/Black,129.900,https://www.falabella.com/falabella-cl/product/7184615/Casco-Mx-Orange-Black/7184618
Casco Mx Black Matte,129.900,https://www.falabella.com/falabella-cl/product/7184269/Casco-Mx-Black-Matte/7184271
Adaptador de Parrilla Topeak Omni Quicktrack,16.990,https://www.falabella.com/falabella-cl/product/11066131/Adaptador-de-Parrilla-Topeak-Omni-Quicktrack/11066135
Cable Cargador Usb Batería de Luces Bicicleta Rl,9.000,https://www.falabella.com/falabella-cl/product/9306393/Cable-Cargador-Usb-Bateria-de-Luces-Bicicleta-Rl/9306397
Casco Bicicleta Bell Mat Blk/Gnmtl,89.990,https://www.falabella.com/falabella-cl/product/8060804/Casco-Bicicleta-Bell-Mat-Blk-Gnmtl/8060808
Casco Chapter Racer Black,144.990,https://www.falabella.com/falabella-cl/product/14673017/Casco-Chapter-Racer-Black/14673020
Casco Bicicleta Bell M/G Blk/Wh/Crsm,209.990,https://www.falabella.com/falabella-cl/product/8060854/Casco-Bicicleta-Bell-M-G-Blk-Wh-Crsm/8060858
Bolsa de Hidratación Velocity  1.5 L,33.900,https://www.falabella.com/falabella-cl/product/10815563/Bolsa-de-Hidratacion-Velocity-1.5-L/10815567
Knog Luz Pwr Bank Small,35.900,https://www.falabella.com/falabella-cl/product/7149433/Knog-Luz-Pwr-Bank-Small/7149434
Luz Pwr Road 600L,69.900,https://www.falabella.com/falabella-cl/product/7171507/Luz-Pwr-Road-600L/7171508
Guante Fasthouse Floe,24.990,https://www.falabella.com/falabella-cl/product/14421555/Guante-Fasthouse-Floe/14421557
Campanilla Nutcase Fun Flor All,11.990,https://www.falabella.com/falabella-cl/product/8521709/Campanilla-Nutcase-Fun-Flor-All/8521712
Soporte Para Celular,39.990,https://www.falabella.com/falabella-cl/product/14429850/Soporte-Para-Celular/14429851
Chaqueta Hardshell Rainy Azul,79.990,https://www.falabella.com/falabella-cl/product/8439960/Chaqueta-Hardshell-Rainy-Azul/8439961
Campanilla Nutcase Thumbdinger Silver,8.990,https://www.falabella.com/falabella-cl/product/8505744/Campanilla-Nutcase-Thumbdinger-Silver/8505748
Guantes Drop Pro Glove Rojo/Negro,49.990,https://www.falabella.com/falabella-cl/product/8347036/Guantes-Drop-Pro-Glove-Rojo-Negro/8347044
Bombin Mini Rookie -225,7.990,https://www.falabella.com/falabella-cl/product/14831834/Bombin-Mini-Rookie-225/14831836
Extractor Valve Core Tubeless Slime,17.990,https://www.falabella.com/falabella-cl/product/11066085/Extractor-Valve-Core-Tubeless-Slime/11066089
Herramienta Instaladora Araña Direccion Topeak,45.990,https://www.falabella.com/falabella-cl/product/11065892/Herramienta-Instaladora-Arana-Direccion-Topeak/11065896
Pasamontañas Balaclava Quick Dry X3F- Negro,39.900,https://www.falabella.com/falabella-cl/product/8653209/Pasamontanas-Balaclava-Quick-Dry-X3F-Negro/8653212
Set Luz Silicona Frontal Y Trasera,7.990,https://www.falabella.com/falabella-cl/product/14518479/Set-Luz-Silicona-Frontal-Y-Trasera/14518482
Guante Flow Sf Azul/Blanco,15.990,https://www.falabella.com/falabella-cl/product/8439724/Guante-Flow-Sf-Azul-Blanco/8439727
Casco Mx White/Black,189.900,https://www.falabella.com/falabella-cl/product/7203623/Casco-Mx-White-Black/7203625
Alforja Newlooxs Origin Double 39L Negro,55.990,https://www.falabella.com/falabella-cl/product/8505800/Alforja-Newlooxs-Origin-Double-39L-Negro/8505803
Bolso Evoc Para Bicicleta,116.990,https://www.falabella.com/falabella-cl/product/14456516/Bolso-Evoc-Para-Bicicleta/14456520
Meilan C5 Banda Cardiaca Conexion Dual Bluetooth,49.990,https://www.falabella.com/falabella-cl/product/8225156/Meilan-C5-Banda-Cardiaca-Conexion-Dual-Bluetooth/8225161
Porta Esquíes Y Snowboard Kuat Grip 4,349.000,https://www.falabella.com/falabella-cl/product/14402963/Porta-Esquies-Y-Snowboard-Kuat-Grip-4/14402964
Herramienta Corta Piola Bicicleta Topeak,38.990,https://www.falabella.com/falabella-cl/product/11065883/Herramienta-Corta-Piola-Bicicleta-Topeak/11065886
Herramienta Multiple Pro 15,22.990,https://www.falabella.com/falabella-cl/product/8439889/Herramienta-Multiple-Pro-15/8439890
Visor Casco Moto Shoei Cwr-1 Clear X-Spirit3 Rf-12,39.990,https://www.falabella.com/falabella-cl/product/7241975/Visor-Casco-Moto-Shoei-Cwr-1-Clear-X-Spirit3-Rf-12/7241978
Knog Luz Pwr Rider 450L,54.900,https://www.falabella.com/falabella-cl/product/7149447/Knog-Luz-Pwr-Rider-450L/7149450
Casco F-2 Granite White,259.900,https://www.falabella.com/falabella-cl/product/8281388/Casco-F-2-Granite-White/8281391
Casco Smith Valence Uva,129.990,https://www.falabella.com/falabella-cl/product/7287425/Casco-Smith-Valence-Uva/7287427
Luz  Led Trasera Ciclismo,5.990,https://www.falabella.com/falabella-cl/product/14518480/Luz-Led-Trasera-Ciclismo/14518483
Bolso Lateral Newlooxs Arezzo 16 lt Negro,58.990,https://www.falabella.com/falabella-cl/product/8524118/Bolso-Lateral-Newlooxs-Arezzo-16-lt-Negro/8524122
Casco Bicicleta Bell Mat Red/Gnmtl/Blk,89.990,https://www.falabella.com/falabella-cl/product/8060807/Casco-Bicicleta-Bell-Mat-Red-Gnmtl-Blk/8060811
Cargador de Batería de Luces Bicicleta Rl,9.000,https://www.falabella.com/falabella-cl/product/9306386/Cargador-de-Bateria-de-Luces-Bicicleta-Rl/9306390
Casco Mx Neon Pink,189.900,https://www.falabella.com/falabella-cl/product/7203585/Casco-Mx-Neon-Pink/7203586
Parrilla Topeak Regulabl Uni Explorer No Disc,49.990,https://www.falabella.com/falabella-cl/product/11239482/Parrilla-Topeak-Regulabl-Uni-Explorer-No-Disc/11239487
Máscara Reversible para El Frío,28.900,https://www.falabella.com/falabella-cl/product/8652395/Mascara-Reversible-para-El-Frio/8652398
Bateria Topeak para Luz Cubicubi Bicicletas,45.990,https://www.falabella.com/falabella-cl/product/11239439/Bateria-Topeak-para-Luz-Cubicubi-Bicicletas/11239443
Casco Smith Nieve Vantage Negro,179.990,https://www.falabella.com/falabella-cl/product/7287873/Casco-Smith-Nieve-Vantage-Negro/7287876
Knog Luz Pwr Redcapt+ Helmet Mount,22.900,https://www.falabella.com/falabella-cl/product/7149400/Knog-Luz-Pwr-Redcapt+-Helmet-Mount/7149402
Calcetines Pro Hi Rojo,9.990,https://www.falabella.com/falabella-cl/product/8440010/Calcetines-Pro-Hi-Rojo/8440013
Casco F-2 Granite Red,259.900,https://www.falabella.com/falabella-cl/product/8281393/Casco-F-2-Granite-Red/8281398
Casco Mx Neon Pink,189.900,https://www.falabella.com/falabella-cl/product/7203581/Casco-Mx-Neon-Pink/7203583
Calcetines Pro Mid Rojo,9.990,https://www.falabella.com/falabella-cl/product/8440005/Calcetines-Pro-Mid-Rojo/8440006
Bolso Topeak para Parador Rally de Bicicleta,56.990,https://www.falabella.com/falabella-cl/product/11065986/Bolso-Topeak-para-Parador-Rally-de-Bicicleta/11065991
Chaqueta Hardshell Rainy Negro,79.990,https://www.falabella.com/falabella-cl/product/8439965/Chaqueta-Hardshell-Rainy-Negro/8439966
Casco Mx Neon Red,189.900,https://www.falabella.com/falabella-cl/product/7203588/Casco-Mx-Neon-Red/7203589
Bandana de Invierno Kids Reversible E9 -Brown,23.900,https://www.falabella.com/falabella-cl/product/10815577/Bandana-de-Invierno-Kids-Reversible-E9-Brown/10815581
Porta Esquíes Yakima Fatcat 4 Evo,239.900,https://www.falabella.com/falabella-cl/product/14402961/Porta-Esquies-Yakima-Fatcat-4-Evo/14402962
Casco Mx White/Black,189.900,https://www.falabella.com/falabella-cl/product/7203622/Casco-Mx-White-Black/7203624
Guantes Enduro Rocker Gris/Negro,29.990,https://www.falabella.com/falabella-cl/product/8439685/Guantes-Enduro-Rocker-Gris-Negro/8439686
Botella de Hidratación Hydrapak Flux 1 L,21.900,https://www.falabella.com/falabella-cl/product/9382858/Botella-de-Hidratacion-Hydrapak-Flux-1-L/9382863
Calcetines Pro Mid Fluor,9.990,https://www.falabella.com/falabella-cl/product/8439990/Calcetines-Pro-Mid-Fluor/8439992
Tricota Enduro 3/4 Hyde Naranjo,59.990,https://www.falabella.com/falabella-cl/product/8439930/Tricota-Enduro-3-4-Hyde-Naranjo/8439932
Bomba de Pie Bicicleta Jow Blow Sport Digital,85.990,https://www.falabella.com/falabella-cl/product/11065984/Bomba-de-Pie-Bicicleta-Jow-Blow-Sport-Digital/11065988
Botella de Hidratacion Hydrapak Sofflask 150Ml,12.900,https://www.falabella.com/falabella-cl/product/10815561/Botella-de-Hidratacion-Hydrapak-Sofflask-150Ml/10815566
Casco F-2 Granite White,259.900,https://www.falabella.com/falabella-cl/product/8281380/Casco-F-2-Granite-White/8281382
Casco F-2 Granite Blue,259.900,https://www.falabella.com/falabella-cl/product/8284637/Casco-F-2-Granite-Blue/8284640
Casco F-2 Granite Blue,259.900,https://www.falabella.com/falabella-cl/product/8284644/Casco-F-2-Granite-Blue/8284648
Visor Casco Moto Shoei Cwr-F Mellow Smoke X-Spirit,99.990,https://www.falabella.com/falabella-cl/product/7241993/Visor-Casco-Moto-Shoei-Cwr-F-Mellow-Smoke-X-Spirit/7241997
